{
  "layer_1": {
    "data": [
      [
        0.5410515069961548,
        0.0
      ],
      [
        0.29972922801971436,
        0.0
      ],
      [
        0.1545867621898651,
        0.0
      ],
      [
        -0.30917733907699585,
        0.0
      ],
      [
        -0.3056607246398926,
        0.0
      ],
      [
        -0.24916888773441315,
        0.0
      ],
      [
        -0.4780079424381256,
        0.0
      ],
      [
        -0.18955811858177185,
        0.0
      ],
      [
        0.3435744047164917,
        0.0
      ],
      [
        0.7068073749542236,
        1.0
      ],
      [
        -0.3184055984020233,
        0.0
      ],
      [
        -0.18470965325832367,
        0.0
      ],
      [
        0.5839056372642517,
        0.0
      ],
      [
        1.0,
        1.0
      ],
      [
        -0.157127246260643,
        0.0
      ],
      [
        -0.48226580023765564,
        0.0
      ],
      [
        0.41880595684051514,
        0.0
      ],
      [
        0.22336454689502716,
        0.0
      ],
      [
        -0.4605957567691803,
        0.0
      ],
      [
        -0.45627111196517944,
        0.0
      ],
      [
        0.0281508881598711,
        0.0
      ],
      [
        0.0791127011179924,
        0.0
      ],
      [
        -0.4016423225402832,
        0.0
      ],
      [
        -0.3865002989768982,
        0.0
      ]
    ],
    "n_critical_nodes": 2,
    "n_layer": 5,
    "n_nodes": 24
  },
  "layer_2": {
    "data": [
      [
        0.6784249544143677,
        0.0
      ],
      [
        1.0,
        1.0
      ],
      [
        0.6025787591934204,
        0.0
      ],
      [
        0.31999704241752625,
        0.0
      ],
      [
        0.8456757664680481,
        0.0
      ],
      [
        0.32907700538635254,
        0.0
      ]
    ],
    "n_critical_nodes": 1,
    "n_layer": 6,
    "n_nodes": 6
  },
  "layer_3": {
    "data": [
      [
        -0.2511945068836212,
        1.0
      ],
      [
        -0.27484750747680664,
        0.0
      ],
      [
        -0.6568984985351562,
        0.0
      ],
      [
        -0.6806950569152832,
        0.0
      ],
      [
        -0.8164144158363342,
        0.0
      ],
      [
        -0.6575973033905029,
        0.0
      ],
      [
        -0.641922116279602,
        0.0
      ],
      [
        -0.6055509448051453,
        0.0
      ],
      [
        -0.48912525177001953,
        0.0
      ],
      [
        -0.810215413570404,
        0.0
      ],
      [
        -1.0,
        0.0
      ],
      [
        -0.7149046063423157,
        0.0
      ],
      [
        -0.6473060846328735,
        0.0
      ],
      [
        -0.559799075126648,
        0.0
      ],
      [
        -0.6955176591873169,
        0.0
      ],
      [
        -0.9134107828140259,
        0.0
      ],
      [
        -0.3369586765766144,
        0.0
      ],
      [
        -0.6037197709083557,
        0.0
      ],
      [
        -0.6921786665916443,
        0.0
      ],
      [
        -0.35854533314704895,
        0.0
      ],
      [
        -0.632860541343689,
        0.0
      ],
      [
        -0.40475785732269287,
        0.0
      ],
      [
        -0.7521291971206665,
        0.0
      ],
      [
        -0.986224353313446,
        0.0
      ]
    ],
    "n_critical_nodes": 1,
    "n_layer": 7,
    "n_nodes": 24
  },
  "layer_4": {
    "data": [
      [
        -0.5555770993232727,
        0.0
      ],
      [
        -0.4133341312408447,
        1.0
      ],
      [
        -0.604871392250061,
        0.0
      ],
      [
        -0.8437390923500061,
        0.0
      ],
      [
        -0.7091605067253113,
        0.0
      ],
      [
        -0.8261035680770874,
        0.0
      ],
      [
        -0.7542847990989685,
        0.0
      ],
      [
        -0.7024475336074829,
        0.0
      ],
      [
        -0.8641057014465332,
        0.0
      ],
      [
        -0.6157144904136658,
        0.0
      ],
      [
        -1.0,
        0.0
      ],
      [
        -0.34681832790374756,
        1.0
      ],
      [
        -0.6747571229934692,
        0.0
      ],
      [
        -0.8617212176322937,
        0.0
      ],
      [
        -0.9399996995925903,
        0.0
      ],
      [
        -0.8224092721939087,
        0.0
      ],
      [
        -0.6575028896331787,
        0.0
      ],
      [
        -0.5368564128875732,
        0.0
      ],
      [
        -0.49627530574798584,
        0.0
      ],
      [
        -0.5335808396339417,
        0.0
      ],
      [
        -0.7219346165657043,
        0.0
      ],
      [
        -0.8339112401008606,
        0.0
      ],
      [
        -0.7229810357093811,
        0.0
      ],
      [
        -0.648314893245697,
        0.0
      ]
    ],
    "n_critical_nodes": 2,
    "n_layer": 8,
    "n_nodes": 24
  },
  "n_critical_nodes": 6,
  "n_nodes": 78
}